year,month,month_name,day,date,mape,rmse,actual_avg,predicted_avg,actual_peak,predicted_peak,pred_h00,actual_h00,pred_h01,actual_h01,pred_h02,actual_h02,pred_h03,actual_h03,pred_h04,actual_h04,pred_h05,actual_h05,pred_h06,actual_h06,pred_h07,actual_h07,pred_h08,actual_h08,pred_h09,actual_h09,pred_h10,actual_h10,pred_h11,actual_h11,pred_h12,actual_h12,pred_h13,actual_h13,pred_h14,actual_h14,pred_h15,actual_h15,pred_h16,actual_h16,pred_h17,actual_h17,pred_h18,actual_h18,pred_h19,actual_h19,pred_h20,actual_h20,pred_h21,actual_h21,pred_h22,actual_h22,pred_h23,actual_h23
2026,4,April,1,2026-04-01,,,,16761.7,,17697.0,16873.11,,16274.9,,15865.02,,15429.43,,15259.07,,15214.27,,15290.45,,15807.11,,16160.2,,16696.66,,17190.73,,17377.41,,17696.99,,17685.59,,17678.5,,17354.53,,17372.95,,17209.94,,17223.78,,17293.22,,17536.11,,17485.2,,17219.08,,17087.46,
2026,4,April,2,2026-04-02,,,,15886.7,,16722.7,15997.27,,15505.83,,15091.24,,14703.8,,14442.38,,14355.29,,14462.51,,14773.97,,15227.68,,15707.35,,16047.0,,16366.48,,16569.54,,16597.95,,16567.57,,16480.47,,16436.38,,16453.74,,16521.94,,16629.93,,16722.69,,16693.91,,16571.05,,16355.43,
2026,4,April,3,2026-04-03,,,,14926.8,,15824.9,14943.21,,14513.75,,14109.04,,13757.61,,13538.72,,13487.93,,13581.02,,13874.67,,14253.26,,14646.59,,14945.19,,15244.8,,15439.96,,15514.69,,15550.36,,15536.12,,15566.66,,15606.79,,15682.81,,15761.0,,15824.93,,15786.29,,15638.91,,15438.07,
2026,4,April,4,2026-04-04,,,,13973.0,,14938.1,13957.27,,13580.05,,13220.3,,12918.25,,12737.52,,12691.49,,12747.69,,12958.0,,13227.95,,13511.21,,13750.32,,14029.89,,14239.95,,14384.01,,14509.35,,14585.56,,14687.72,,14758.85,,14842.57,,14902.42,,14938.1,,14892.71,,14734.37,,14545.4,
2026,4,April,5,2026-04-05,,,,13451.9,,14562.6,13199.55,,12808.45,,12496.45,,12255.59,,12143.86,,12157.86,,12281.73,,12469.53,,12720.57,,12964.69,,13180.03,,13446.98,,13659.18,,13853.84,,14022.45,,14178.17,,14327.59,,14434.28,,14525.5,,14562.56,,14541.02,,14437.91,,14219.23,,13959.73,
2026,4,April,6,2026-04-06,,,,13415.2,,14212.2,13477.0,,13070.11,,12832.75,,12592.27,,12444.57,,12400.7,,12512.21,,12632.8,,12886.83,,13112.42,,13244.67,,13451.45,,13589.13,,13673.45,,13783.21,,13848.88,,13896.5,,13983.88,,14046.53,,14130.01,,14212.19,,14153.86,,14058.11,,13931.93,
2026,4,April,7,2026-04-07,,,,13077.4,,13908.8,13168.74,,12771.08,,12595.08,,12387.8,,12250.46,,12185.07,,12278.24,,12274.83,,12445.55,,12598.26,,12683.42,,12886.44,,13065.08,,13210.78,,13382.72,,13527.48,,13609.3,,13718.05,,13786.24,,13866.33,,13908.81,,13866.98,,13765.62,,13625.31,
2026,4,April,8,2026-04-08,,,,14105.7,,15390.1,13571.62,,13147.22,,12816.86,,12591.85,,12518.13,,12590.65,,12794.24,,13057.01,,13378.98,,13686.92,,13963.13,,14268.5,,14496.5,,14729.73,,14886.11,,15056.84,,15212.62,,15312.87,,15390.07,,15383.74,,15299.62,,15112.72,,14812.04,,14458.24,
2026,4,April,9,2026-04-09,,,,14901.4,,16068.9,14159.47,,13708.57,,13376.1,,13176.87,,13163.25,,13320.04,,13633.01,,14036.54,,14476.74,,14877.59,,15173.0,,15438.57,,15599.47,,15724.44,,15795.22,,15865.5,,15956.12,,16019.47,,16068.88,,16046.12,,15959.1,,15710.2,,15363.89,,14985.75,
2026,4,April,10,2026-04-10,,,,15375.7,,16452.8,14629.18,,14169.17,,13820.63,,13614.18,,13604.97,,13773.58,,14098.97,,14555.67,,15038.0,,15480.99,,15793.89,,16054.38,,16200.95,,16279.39,,16308.58,,16321.02,,16374.53,,16414.11,,16452.84,,16433.26,,16359.61,,16104.71,,15757.59,,15376.8,
2026,4,April,11,2026-04-11,,,,15478.1,,16484.6,15116.1,,14641.41,,14215.19,,13891.72,,13737.55,,13772.37,,13976.55,,14391.67,,14872.33,,15359.4,,15736.17,,16065.37,,16263.46,,16356.16,,16367.68,,16349.71,,16372.22,,16399.15,,16453.95,,16484.11,,16484.6,,16325.98,,16079.53,,15761.94,
2026,4,April,12,2026-04-12,,,,15896.7,,16948.0,14861.33,,14388.11,,14064.09,,13927.1,,14026.19,,14311.07,,14744.08,,15316.83,,15869.34,,16348.41,,16649.78,,16856.05,,16947.99,,16944.15,,16919.04,,16866.42,,16888.27,,16908.13,,16930.6,,16890.35,,16782.62,,16459.28,,16034.29,,15586.15,
2026,4,April,13,2026-04-13,,,,14695.5,,15406.4,14332.59,,14015.67,,13697.83,,13511.6,,13499.58,,13644.17,,13833.25,,14224.71,,14572.03,,14858.15,,15098.09,,15299.44,,15393.9,,15406.39,,15383.92,,15306.32,,15274.71,,15237.26,,15220.11,,15191.51,,15178.98,,15044.74,,14847.57,,14620.64,
2026,4,April,14,2026-04-14,,,,14174.9,,14719.6,13936.35,,13750.14,,13399.15,,13234.03,,13254.88,,13437.75,,13532.62,,13889.67,,14098.01,,14223.99,,14456.35,,14607.56,,14699.83,,14719.58,,14695.12,,14633.34,,14628.71,,14581.97,,14568.29,,14527.58,,14472.15,,14456.41,,14305.29,,14088.58,
2026,4,April,15,2026-04-15,,,,14779.0,,16241.5,13707.35,,13181.49,,12756.9,,12556.81,,12598.57,,12858.91,,13286.25,,13839.24,,14380.2,,14859.19,,15266.41,,15524.28,,15665.63,,15784.58,,15811.03,,15893.81,,16019.92,,16130.72,,16241.51,,16240.03,,16104.75,,15813.81,,15365.74,,14808.77,
2026,4,April,16,2026-04-16,,,,15728.2,,16788.6,14620.16,,14168.12,,13878.99,,13782.7,,13920.12,,14236.47,,14689.91,,15237.98,,15758.85,,16191.26,,16461.13,,16636.62,,16711.95,,16714.79,,16703.3,,16680.04,,16725.13,,16761.32,,16788.56,,16738.56,,16602.31,,16272.5,,15828.42,,15367.93,
2026,4,April,17,2026-04-17,,,,16005.9,,17022.4,14974.62,,14541.92,,14263.74,,14151.58,,14257.98,,14538.63,,14958.28,,15501.6,,16028.92,,16482.92,,16767.62,,16944.02,,17022.36,,17002.57,,16969.74,,16913.31,,16928.44,,16953.98,,16969.19,,16927.69,,16808.75,,16488.02,,16087.18,,15657.7,
2026,4,April,18,2026-04-18,,,,16036.3,,17054.8,15180.65,,14721.05,,14391.58,,14214.46,,14248.11,,14468.4,,14845.54,,15385.74,,15932.39,,16422.23,,16737.77,,16953.54,,17054.76,,17038.88,,16999.9,,16926.11,,16927.28,,16945.95,,16971.02,,16954.16,,16876.3,,16600.96,,16236.16,,15838.35,
2026,4,April,19,2026-04-19,,,,16224.2,,17307.4,15288.85,,14811.88,,14481.69,,14312.46,,14364.4,,14602.88,,15004.5,,15565.25,,16132.93,,16643.27,,16973.33,,17193.35,,17307.39,,17293.86,,17251.69,,17174.18,,17168.3,,17181.53,,17202.15,,17179.61,,17083.24,,16791.56,,16402.61,,15969.71,
2026,4,April,20,2026-04-20,,,,14828.4,,15577.2,14601.44,,14301.25,,13897.73,,13643.18,,13564.78,,13675.07,,13814.49,,14245.41,,14610.01,,14925.08,,15237.21,,15464.7,,15567.54,,15577.22,,15519.58,,15413.5,,15373.07,,15323.79,,15321.37,,15306.69,,15311.23,,15241.66,,15079.13,,14867.63,
2026,4,April,21,2026-04-21,,,,14040.8,,14531.6,13838.8,,13627.74,,13309.2,,13144.32,,13152.06,,13310.5,,13410.12,,13740.41,,13957.31,,14096.2,,14302.77,,14443.95,,14530.85,,14531.65,,14515.11,,14453.66,,14445.51,,14418.38,,14414.19,,14398.43,,14367.84,,14346.54,,14211.34,,14011.73,
2026,4,April,22,2026-04-22,,,,15168.8,,16285.6,14162.17,,13715.0,,13426.24,,13306.37,,13396.83,,13668.5,,14086.72,,14572.35,,15057.52,,15462.71,,15730.04,,15929.24,,16018.26,,16065.71,,16080.85,,16107.71,,16180.59,,16240.74,,16285.58,,16245.86,,16120.91,,15818.03,,15404.51,,14967.91,
2026,4,April,23,2026-04-23,,,,15589.8,,16615.3,14747.06,,14304.3,,13976.12,,13805.86,,13837.98,,14051.46,,14409.35,,14903.86,,15401.13,,15840.94,,16140.83,,16363.75,,16475.88,,16511.17,,16514.46,,16496.71,,16541.17,,16578.17,,16615.34,,16589.77,,16497.34,,16231.05,,15857.96,,15463.25,
2026,4,April,24,2026-04-24,,,,16122.9,,17150.5,15208.44,,14738.58,,14409.33,,14243.03,,14294.13,,14531.31,,14926.67,,15469.39,,16018.0,,16505.96,,16821.28,,17041.04,,17150.5,,17149.2,,17119.32,,17058.91,,17069.31,,17089.2,,17114.23,,17088.73,,16992.24,,16704.85,,16314.09,,15891.18,
2026,4,April,25,2026-04-25,,,,16208.6,,17261.1,15262.52,,14799.35,,14484.64,,14328.1,,14388.24,,14630.33,,15030.62,,15582.11,,16137.62,,16632.99,,16947.53,,17155.59,,17261.13,,17244.95,,17210.38,,17138.98,,17141.95,,17161.55,,17181.76,,17156.18,,17055.72,,16758.88,,16369.07,,15945.88,
2026,4,April,26,2026-04-26,,,,15871.1,,16847.1,15110.3,,14640.01,,14287.64,,14084.36,,14088.91,,14283.2,,14638.96,,15168.15,,15710.25,,16200.05,,16515.92,,16741.39,,16847.06,,16834.56,,16803.05,,16731.25,,16737.38,,16759.92,,16795.75,,16793.68,,16739.21,,16489.98,,16141.19,,15764.75,
2026,4,April,27,2026-04-27,,,,14546.5,,15225.1,14422.64,,14096.22,,13730.43,,13465.28,,13353.69,,13421.49,,13552.62,,13933.07,,14297.92,,14616.28,,14892.92,,15126.61,,15225.06,,15224.41,,15173.41,,15071.72,,15018.7,,14984.08,,14983.25,,14992.25,,15037.71,,14970.05,,14848.71,,14678.61,
2026,4,April,28,2026-04-28,,,,13697.7,,14297.5,13539.21,,13234.4,,12940.71,,12751.35,,12713.2,,12804.87,,12921.68,,13164.58,,13390.45,,13563.14,,13754.87,,13929.34,,14052.13,,14110.45,,14156.55,,14174.75,,14207.48,,14239.59,,14272.54,,14297.51,,14294.89,,14242.47,,14102.79,,13886.19,
2026,4,April,29,2026-04-29,,,,14335.0,,15546.4,13666.17,,13235.46,,12930.36,,12750.8,,12743.63,,12886.97,,13159.13,,13476.82,,13831.39,,14149.65,,14394.22,,14656.0,,14826.52,,14994.85,,15111.92,,15244.48,,15383.42,,15476.53,,15546.44,,15532.38,,15447.07,,15213.78,,14877.99,,14504.42,
2026,4,April,30,2026-04-30,,,,14483.8,,15613.1,14388.72,,13951.2,,13558.35,,13214.42,,12999.56,,12931.07,,13010.3,,13223.61,,13544.04,,13902.9,,14221.89,,14583.06,,14857.68,,15075.87,,15203.72,,15318.25,,15416.04,,15484.44,,15557.0,,15601.19,,15613.07,,15519.22,,15346.38,,15088.02,
