year,month,month_name,day,date,source,mape,rmse,actual_avg,predicted_avg,actual_peak,predicted_peak,pred_h00,actual_h00,pred_h01,actual_h01,pred_h02,actual_h02,pred_h03,actual_h03,pred_h04,actual_h04,pred_h05,actual_h05,pred_h06,actual_h06,pred_h07,actual_h07,pred_h08,actual_h08,pred_h09,actual_h09,pred_h10,actual_h10,pred_h11,actual_h11,pred_h12,actual_h12,pred_h13,actual_h13,pred_h14,actual_h14,pred_h15,actual_h15,pred_h16,actual_h16,pred_h17,actual_h17,pred_h18,actual_h18,pred_h19,actual_h19,pred_h20,actual_h20,pred_h21,actual_h21,pred_h22,actual_h22,pred_h23,actual_h23
2026,6,June,1,2026-06-01,predicted,,,,14582.2,,15400.5,14078.66,,13863.0,,13996.2,,13763.88,,13729.53,,13876.92,,13939.19,,14255.14,,14543.19,,14742.07,,14807.74,,15133.16,,15043.62,,15139.48,,15263.38,,15195.19,,15400.47,,15215.41,,15041.21,,14824.6,,14697.81,,14720.21,,14515.82,,14186.23,
2026,6,June,2,2026-06-02,predicted,,,,15252.9,,17010.3,13845.45,,14430.57,,14662.67,,13765.07,,13049.01,,13847.87,,13716.55,,14135.08,,14444.82,,15467.43,,16035.71,,16034.58,,15788.76,,15733.98,,16244.47,,16022.07,,17010.34,,16612.33,,16841.66,,15731.06,,15859.79,,15936.53,,15477.89,,15375.89,
2026,6,June,3,2026-06-03,predicted,,,,15716.3,,17319.7,15618.19,,14924.7,,15449.91,,14347.47,,14212.39,,14071.33,,14287.2,,14370.35,,15239.77,,15247.36,,15636.04,,16090.74,,15920.98,,15940.33,,16178.31,,16664.96,,17319.67,,16460.07,,17050.93,,16563.49,,16864.35,,16356.75,,16457.38,,15917.67,
2026,6,June,4,2026-06-04,predicted,,,,15911.8,,17592.7,15760.96,,15010.83,,15513.17,,14542.99,,14410.82,,14249.17,,14472.11,,14548.28,,15462.32,,15443.97,,15856.57,,16296.58,,16071.57,,16193.91,,16470.94,,17013.31,,17592.65,,16598.6,,17287.24,,16904.96,,16933.35,,16567.45,,16685.47,,15996.58,
2026,6,June,5,2026-06-05,predicted,,,,16101.7,,18025.0,15646.46,,15035.01,,15419.52,,14531.09,,14358.74,,14243.74,,14623.26,,14617.1,,15822.67,,15788.95,,16271.24,,16672.14,,16439.0,,16512.27,,16903.51,,17434.93,,18025.05,,16836.9,,17502.79,,17181.43,,16968.98,,16654.88,,16807.53,,16144.8,
2026,6,June,6,2026-06-06,predicted,,,,16013.9,,17747.2,15806.31,,15071.98,,15532.91,,14625.62,,14467.18,,14296.23,,14554.88,,14592.94,,15571.15,,15551.26,,15976.07,,16417.47,,16185.21,,16333.48,,16616.79,,17172.0,,17747.18,,16701.57,,17406.25,,17077.9,,17033.0,,16687.65,,16799.3,,16108.62,
2026,6,June,7,2026-06-07,predicted,,,,16074.9,,18046.4,15520.49,,15010.34,,15319.66,,14443.23,,14327.61,,14185.01,,14649.91,,14617.74,,15882.7,,15826.34,,16349.79,,16677.74,,16480.75,,16527.92,,16969.56,,17476.4,,18046.43,,16760.63,,17474.71,,17146.65,,16850.06,,16495.33,,16661.43,,16097.17,
2026,6,June,8,2026-06-08,predicted,,,,14640.9,,15410.5,14342.32,,13994.85,,14111.94,,13870.76,,13718.3,,13900.03,,13940.38,,14279.1,,14585.75,,14713.01,,14756.64,,15104.01,,15039.31,,15107.74,,15261.81,,15209.53,,15410.51,,15197.89,,15129.78,,14876.23,,14860.31,,14882.54,,14694.52,,14395.28,
2026,6,June,9,2026-06-09,predicted,,,,15383.1,,17163.9,14247.46,,14468.73,,15147.99,,13743.6,,13499.23,,13972.85,,13707.35,,14216.76,,14654.85,,15450.4,,15926.15,,16163.43,,16052.54,,15825.52,,16064.54,,16192.14,,17007.06,,16910.97,,17163.93,,15719.57,,16076.03,,16030.5,,15637.02,,15315.32,
2026,6,June,10,2026-06-10,predicted,,,,15864.0,,17513.0,15819.49,,15058.72,,15607.02,,14473.28,,14339.6,,14166.59,,14372.29,,14472.76,,15353.6,,15351.43,,15722.8,,16229.19,,16054.31,,16083.46,,16310.83,,16878.05,,17513.01,,16616.81,,17214.96,,16753.8,,17084.54,,16562.46,,16656.05,,16040.47,
2026,6,June,11,2026-06-11,predicted,,,,15903.2,,17435.6,16016.26,,15116.89,,15701.74,,14719.45,,14542.3,,14369.76,,14426.64,,14614.53,,15270.48,,15283.68,,15597.02,,16115.73,,15873.91,,16056.36,,16286.07,,16930.78,,17435.57,,16568.44,,17276.82,,16924.53,,17051.44,,16719.88,,16778.47,,16000.46,
2026,6,June,12,2026-06-12,predicted,,,,15793.6,,17490.0,15555.96,,14918.56,,15452.71,,14345.17,,14311.66,,14126.72,,14369.18,,14429.89,,15383.67,,15392.55,,15794.17,,16238.48,,16020.78,,16101.51,,16336.71,,16860.43,,17489.98,,16525.72,,17113.03,,16696.47,,16821.47,,16390.68,,16481.57,,15890.13,
2026,6,June,13,2026-06-13,predicted,,,,15774.4,,17232.8,15800.91,,15014.5,,15325.31,,14626.28,,14347.87,,14226.43,,14442.99,,14511.02,,15289.77,,15265.53,,15563.58,,16040.57,,15888.13,,15972.46,,16270.32,,16746.82,,17232.8,,16350.08,,17098.48,,16755.85,,16813.79,,16487.79,,16573.64,,15941.63,
2026,6,June,14,2026-06-14,predicted,,,,15631.9,,17139.8,15453.04,,14840.04,,15081.11,,14404.78,,14187.1,,14095.95,,14382.84,,14428.82,,15290.89,,15275.92,,15592.09,,15996.72,,15844.52,,15891.68,,16258.2,,16669.7,,17139.79,,16193.43,,16907.33,,16570.58,,16459.34,,16184.28,,16275.09,,15743.38,
2026,6,June,15,2026-06-15,predicted,,,,14464.9,,15186.8,14123.7,,13829.23,,13913.88,,13757.95,,13616.26,,13768.5,,13871.22,,14141.56,,14398.25,,14586.57,,14550.15,,14971.39,,14869.66,,14926.02,,15066.39,,15011.61,,15186.77,,15036.25,,14869.91,,14695.81,,14642.45,,14657.85,,14507.1,,14158.73,
2026,6,June,16,2026-06-16,predicted,,,,15168.0,,16631.4,13778.92,,14300.73,,14943.12,,13817.41,,13137.17,,13616.25,,13723.88,,13821.75,,14404.52,,15469.38,,15583.24,,16110.4,,15671.62,,15988.91,,15812.99,,15802.12,,16557.88,,16631.45,,16315.94,,15440.13,,15872.71,,15942.43,,15377.84,,15911.67,
2026,6,June,17,2026-06-17,predicted,,,,15478.8,,16889.7,15488.16,,14782.71,,15233.93,,14307.67,,14093.41,,13994.56,,14172.87,,14276.07,,14988.25,,15013.95,,15294.8,,15777.48,,15604.05,,15638.86,,15885.18,,16323.99,,16889.71,,16144.1,,16703.25,,16289.75,,16548.16,,16129.21,,16212.38,,15698.32,
2026,6,June,18,2026-06-18,predicted,,,,15722.0,,17268.1,15665.5,,14912.64,,15353.69,,14461.7,,14284.81,,14149.38,,14361.09,,14454.01,,15276.0,,15253.32,,15615.54,,16058.39,,15873.61,,15946.6,,16232.76,,16720.44,,17268.06,,16360.57,,17035.54,,16635.74,,16733.81,,16363.35,,16481.12,,15831.46,
2026,6,June,19,2026-06-19,predicted,,,,15804.1,,17294.8,15881.56,,15041.32,,15543.43,,14619.14,,14422.76,,14265.11,,14382.09,,14522.7,,15227.32,,15235.72,,15545.12,,16053.61,,15854.86,,15979.32,,16205.56,,16767.8,,17294.85,,16457.08,,17142.77,,16755.42,,16941.3,,16579.24,,16643.77,,15937.41,
2026,6,June,20,2026-06-20,predicted,,,,15908.4,,17516.7,15825.59,,15058.18,,15529.86,,14606.98,,14447.9,,14276.72,,14479.08,,14566.88,,15410.69,,15414.2,,15774.91,,16251.19,,16042.11,,16178.39,,16424.02,,16973.89,,17516.71,,16571.91,,17270.53,,16891.12,,16970.99,,16614.1,,16693.71,,16012.62,
2026,6,June,21,2026-06-21,predicted,,,,16006.7,,17688.9,15880.87,,15127.21,,15546.27,,14654.26,,14474.59,,14292.87,,14561.91,,14614.26,,15548.63,,15516.78,,15928.61,,16370.67,,16188.1,,16297.16,,16582.93,,17135.81,,17688.86,,16659.93,,17400.17,,17030.47,,17076.91,,16676.01,,16785.21,,16122.85,
2026,6,June,22,2026-06-22,predicted,,,,14645.5,,15425.1,14343.64,,14001.32,,14122.51,,13866.41,,13738.81,,13903.0,,13945.8,,14285.23,,14594.0,,14708.09,,14774.99,,15095.51,,15036.37,,15117.53,,15272.67,,15220.8,,15425.06,,15186.9,,15146.8,,14891.06,,14861.81,,14870.22,,14682.41,,14401.24,
2026,6,June,23,2026-06-23,predicted,,,,15295.0,,16934.8,14304.2,,14450.91,,15002.67,,13815.93,,13525.73,,13942.21,,13756.09,,14178.82,,14584.35,,15329.42,,15686.87,,16007.52,,15895.76,,15712.6,,15930.6,,16051.75,,16782.08,,16692.49,,16934.76,,15683.04,,16004.06,,15946.27,,15578.18,,15282.57,
2026,6,June,24,2026-06-24,predicted,,,,15641.3,,17002.6,15807.25,,14997.64,,15435.05,,14592.89,,14317.19,,14222.03,,14267.37,,14478.24,,15013.25,,15065.88,,15264.03,,15799.64,,15619.32,,15718.55,,15995.13,,16563.99,,17002.58,,16264.88,,16936.74,,16584.7,,16741.6,,16439.23,,16442.96,,15820.22,
2026,6,June,25,2026-06-25,predicted,,,,15752.3,,17060.9,16072.14,,15155.63,,15593.68,,14864.23,,14552.81,,14424.33,,14361.73,,14626.89,,15001.99,,15039.2,,15205.76,,15745.18,,15544.96,,15764.43,,16049.43,,16713.64,,17043.88,,16330.36,,17060.94,,16829.22,,16847.43,,16677.74,,16657.58,,15892.62,
2026,6,June,26,2026-06-26,predicted,,,,15823.5,,17338.7,15856.82,,15036.43,,15512.75,,14599.85,,14434.33,,14269.64,,14421.01,,14538.83,,15288.94,,15280.05,,15617.67,,16095.05,,15904.61,,16027.95,,16270.24,,16805.68,,17338.67,,16455.28,,17187.18,,16780.53,,16915.87,,16551.77,,16632.89,,15941.88,
2026,6,June,27,2026-06-27,predicted,,,,15780.6,,17567.3,15233.58,,14818.73,,15109.74,,14266.32,,14179.17,,14066.94,,14481.67,,14457.94,,15559.99,,15581.89,,16007.53,,16356.18,,16163.36,,16201.8,,16591.52,,17014.37,,17567.31,,16469.43,,17089.65,,16745.47,,16503.14,,16167.55,,16279.59,,15822.03,
2026,6,June,28,2026-06-28,predicted,,,,15899.7,,17509.6,15799.87,,15068.09,,15378.92,,14616.73,,14392.06,,14225.48,,14530.04,,14554.37,,15480.54,,15428.38,,15803.44,,16242.04,,16092.57,,16166.67,,16484.19,,16989.95,,17509.56,,16496.23,,17244.2,,16916.11,,16932.4,,16541.91,,16656.94,,16042.42,
2026,6,June,29,2026-06-29,predicted,,,,14581.6,,15322.6,14304.7,,13963.01,,14064.82,,13835.31,,13699.04,,13857.6,,13917.86,,14235.35,,14530.03,,14651.67,,14676.2,,15033.65,,14972.15,,15035.86,,15181.73,,15126.4,,15322.56,,15116.52,,15039.78,,14809.81,,14808.56,,14804.89,,14626.78,,14344.16,
2026,6,June,30,2026-06-30,predicted,,,,15501.9,,17241.2,14439.65,,14561.0,,15320.27,,13862.09,,13588.61,,14016.68,,13760.25,,14223.37,,14723.48,,15501.76,,15952.76,,16277.08,,16109.12,,15956.1,,16114.23,,16304.95,,17157.2,,17049.21,,17241.21,,15888.98,,16337.5,,16262.56,,15875.74,,15521.92,
